[
  {"code":"FR","name":"France","capital":"Paris","continent":"Europe","population":67399000,"area_km2":551695,"flagSvgPath":"fi-fr"},
  {"code":"BR","name":"Brésil","capital":"Brasília","continent":"South America","population":213993000,"area_km2":8515767,"flagSvgPath":"fi-br"},
  {"code":"JP","name":"Japon","capital":"Tokyo","continent":"Asia","population":125360000,"area_km2":377975,"flagSvgPath":"fi-jp"},
  {"code":"US","name":"États-Unis","capital":"Washington D.C.","continent":"North America","population":331893000,"area_km2":9833517,"flagSvgPath":"fi-us"},
  {"code":"DE","name":"Allemagne","capital":"Berlin","continent":"Europe","population":83155000,"area_km2":357022,"flagSvgPath":"fi-de"},
  {"code":"GB","name":"Royaume-Uni","capital":"Londres","continent":"Europe","population":67220000,"area_km2":243610,"flagSvgPath":"fi-gb"},
  {"code":"CA","name":"Canada","capital":"Ottawa","continent":"North America","population":38008000,"area_km2":9984670,"flagSvgPath":"fi-ca"},
  {"code":"AU","name":"Australie","capital":"Canberra","continent":"Oceania","population":25690000,"area_km2":7692024,"flagSvgPath":"fi-au"},
  {"code":"IT","name":"Italie","capital":"Rome","continent":"Europe","population":59550000,"area_km2":301340,"flagSvgPath":"fi-it"},
  {"code":"ES","name":"Espagne","capital":"Madrid","continent":"Europe","population":47350000,"area_km2":505990,"flagSvgPath":"fi-es"},
  {"code":"PT","name":"Portugal","capital":"Lisbonne","continent":"Europe","population":10290000,"area_km2":92212,"flagSvgPath":"fi-pt"},
  {"code":"BE","name":"Belgique","capital":"Bruxelles","continent":"Europe","population":11590000,"area_km2":30528,"flagSvgPath":"fi-be"},
  {"code":"NL","name":"Pays-Bas","capital":"Amsterdam","continent":"Europe","population":17480000,"area_km2":41543,"flagSvgPath":"fi-nl"},
  {"code":"SE","name":"Suède","capital":"Stockholm","continent":"Europe","population":10420000,"area_km2":450295,"flagSvgPath":"fi-se"},
  {"code":"NO","name":"Norvège","capital":"Oslo","continent":"Europe","population":5421000,"area_km2":385207,"flagSvgPath":"fi-no"},
  {"code":"FI","name":"Finlande","capital":"Helsinki","continent":"Europe","population":5541000,"area_km2":338424,"flagSvgPath":"fi-fi"},
  {"code":"DK","name":"Danemark","capital":"Copenhague","continent":"Europe","population":5831000,"area_km2":42933,"flagSvgPath":"fi-dk"},
  {"code":"IE","name":"Irlande","capital":"Dublin","continent":"Europe","population":5051000,"area_km2":70273,"flagSvgPath":"fi-ie"},
  {"code":"PL","name":"Pologne","capital":"Varsovie","continent":"Europe","population":37950000,"area_km2":312696,"flagSvgPath":"fi-pl"},
  {"code":"GR","name":"Grèce","capital":"Athènes","continent":"Europe","population":10720000,"area_km2":131957,"flagSvgPath":"fi-gr"},
  {"code":"RU","name":"Russie","capital":"Moscou","continent":"Europe","population":144100000,"area_km2":17098246,"flagSvgPath":"fi-ru"},
  {"code":"CN","name":"Chine","capital":"Pékin","continent":"Asia","population":1402000000,"area_km2":9596961,"flagSvgPath":"fi-cn"},
  {"code":"IN","name":"Inde","capital":"New Delhi","continent":"Asia","population":1380000000,"area_km2":3287263,"flagSvgPath":"fi-in"},
  {"code":"KR","name":"Corée du Sud","capital":"Séoul","continent":"Asia","population":51780000,"area_km2":100210,"flagSvgPath":"fi-kr"},
  {"code":"VN","name":"Vietnam","capital":"Hanoï","continent":"Asia","population":97340000,"area_km2":331212,"flagSvgPath":"fi-vn"},
  {"code":"TH","name":"Thaïlande","capital":"Bangkok","continent":"Asia","population":69950000,"area_km2":513120,"flagSvgPath":"fi-th"},
  {"code":"SG","name":"Singapour","capital":"Singapour","continent":"Asia","population":5454000,"area_km2":728,"flagSvgPath":"fi-sg"},
  {"code":"NZ","name":"Nouvelle-Zélande","capital":"Wellington","continent":"Oceania","population":5123000,"area_km2":268021,"flagSvgPath":"fi-nz"},
  {"code":"ZA","name":"Afrique du Sud","capital":"Pretoria","continent":"Africa","population":60040000,"area_km2":1221037,"flagSvgPath":"fi-za"},
  {"code":"NG","name":"Nigeria","capital":"Abuja","continent":"Africa","population":206100000,"area_km2":923768,"flagSvgPath":"fi-ng"},
  {"code":"KE","name":"Kenya","capital":"Nairobi","continent":"Africa","population":53770000,"area_km2":580367,"flagSvgPath":"fi-ke"},
  {"code":"EG","name":"Égypte","capital":"Le Caire","continent":"Africa","population":104300000,"area_km2":1002450,"flagSvgPath":"fi-eg"},
  {"code":"MA","name":"Maroc","capital":"Rabat","continent":"Africa","population":36910000,"area_km2":446550,"flagSvgPath":"fi-ma"},
  {"code":"DZ","name":"Algérie","capital":"Alger","continent":"Africa","population":43480000,"area_km2":2381741,"flagSvgPath":"fi-dz"},
  {"code":"TN","name":"Tunisie","capital":"Tunis","continent":"Africa","population":11820000,"area_km2":163610,"flagSvgPath":"fi-tn"},
  {"code":"AR","name":"Argentine","capital":"Buenos Aires","continent":"South America","population":45610000,"area_km2":2780400,"flagSvgPath":"fi-ar"},
  {"code":"CL","name":"Chili","capital":"Santiago","continent":"South America","population":19120000,"area_km2":756102,"flagSvgPath":"fi-cl"},
  {"code":"CO","name":"Colombie","capital":"Bogotá","continent":"South America","population":50880000,"area_km2":1141748,"flagSvgPath":"fi-co"},
  {"code":"PE","name":"Pérou","capital":"Lima","continent":"South America","population":32970000,"area_km2":1285216,"flagSvgPath":"fi-pe"},
  {"code":"MX","name":"Mexique","capital":"Mexico","continent":"North America","population":126000000,"area_km2":1964375,"flagSvgPath":"fi-mx"},
  {"code":"CU","name":"Cuba","capital":"La Havane","continent":"North America","population":11330000,"area_km2":109884,"flagSvgPath":"fi-cu"},
  {"code":"IS","name":"Islande","capital":"Reykjavík","continent":"Europe","population":366000,"area_km2":103125,"flagSvgPath":"fi-is"}
]
